{
  "H": {
    "auc": 0.5472808441558441,
    "threshold": 1,
    "positive_rate": 0.4263157894736842
  },
  "TB": {
    "auc": 0.6192622950819672,
    "threshold": 1.5,
    "positive_rate": 0.23859649122807017
  },
  "HR": {
    "auc": 0.8787878787878788,
    "threshold": 1,
    "positive_rate": 0.06140350877192982
  },
  "R": {
    "auc": 0.573073989321129,
    "threshold": 1,
    "positive_rate": 0.26842105263157895
  }
}