{"xgb1": 0.17285293269392132, "xgb2": 0.14407148046262278, "hgb1": 0.17019618330040698, "hgb2": 0.15636380757581025, "rf2": 0.1520175817016051, "mlp": 0.20449801426563355}