{"xgb1": 0.15069809074075036, "xgb2": 0.1611789546737875, "hgb1": 0.1566384458683886, "hgb2": 0.1686577519863076, "rf2": 0.16013370190594445, "mlp": 0.2026930548248214}