{
  "mae": 0.19840205174865994,
  "rmse": 0.25542464910586815,
  "r2": -0.013621174365428645,
  "corr": 0.048096076125285145,
  "n_train": 49788,
  "n_test": 12448
}