{"h_starter_era": 3.98, "a_starter_era": 3.99, "h_starter_whip": 1.25, "a_starter_whip": 1.25, "h_starter_strikeout_rate": 0.213235294117647, "a_starter_strikeout_rate": 0.2113502935420743, "h_starter_era_l3": 4.286666666666666, "a_starter_era_l3": 4.18, "h_pitcher_form_score": 0.06763351343313184, "a_pitcher_form_score": 0.08697524040844651, "h_pitcher_quality_idx": 0.19334361550285195, "a_pitcher_quality_idx": 0.19799055298814777, "h_ops": 0.716, "a_ops": 0.716, "h_avg": 0.245, "a_avg": 0.245, "era_diff": -0.040000000000000036, "whip_diff": 0.002238805970149249, "ops_diff": 0.0, "k_rate_diff": 0.0014442518775275026, "lineup_power_diff": 0.0023333333333334094, "domination_diff": 0.0020000000000000018, "h_starter_xwoba": 0.3192, "a_starter_xwoba": 0.3192, "h_lineup_xwoba": 0.3207528995353225, "a_lineup_xwoba": 0.3211173621940715, "matchup_advantage": 0.0019596745607720623, "xwoba_lineup_diff": 0.0006974859861143545, "h_starter_barrel": 0.046418275534252824, "a_starter_barrel": 0.045882375470461284, "park_factor": 0.99, "is_night": 0.0, "h_rest_days": 1.0, "a_rest_days": 1.0, "divisional_game": 0.0, "elo_diff": 0.0, "streak_diff": 0.0, "h_pyth_pct": 0.5043667289576864, "a_pyth_pct": 0.5035841833457387, "h_home_wpct": 0.5, "a_away_wpct": 0.5, "run_diff_diff": 0.0, "h2h_advantage": 0.0, "h_bp_avail": 0.3333333333333333, "a_bp_avail": 0.3333333333333333, "h_bullpen_era_l3": 3.5217391304347823, "a_bullpen_era_l3": 3.6, "mc_home_prob": 0.51289, "mc_margin_expected": 0.066}