{"xgb1": 0.16424997042985073, "xgb2": 0.18128339617199096, "hgb1": 0.15472548331918115, "hgb2": 0.16415245595742575, "rf2": 0.17560084780469598, "mlp": 0.15998784631685536}