{"xgb1": 0.20044143995440514, "xgb2": 0.16627908608458378, "hgb1": 0.20051673850449153, "hgb2": 0.14860108718678852, "rf2": 0.10331435245539501, "mlp": 0.18084729581433598}