{"xgb1": 0.16409587976780426, "xgb2": 0.1413201106583247, "hgb1": 0.20227167665577842, "hgb2": 0.16575769133433954, "rf2": 0.162560644446495, "mlp": 0.1639939971372582}