{
  "train": {
    "accuracy": 0.6329301930829621,
    "log_loss_raw": 0.6386027513024316,
    "log_loss_calibrated": 0.6403050213793533,
    "brier": 0.2250574380159378
  },
  "val": {
    "accuracy": 0.5969058874086807,
    "log_loss_raw": 0.6638778972967458,
    "log_loss_calibrated": 0.6555476400556804,
    "brier": 0.23246054351329803
  },
  "test": {
    "accuracy": 0.638432364096081,
    "log_loss_raw": 0.637205148157623,
    "log_loss_calibrated": 0.6402976348228419,
    "brier": 0.2245054394006729
  }
}