{"xgb1": 0.17570922296539393, "xgb2": 0.1645590689320211, "hgb1": 0.18463302765204875, "hgb2": 0.16702481149033654, "rf2": 0.14175843370223998, "mlp": 0.16631543525795978}